REQUIREMENT_ID	SOURCE	SOURCE_COMMIT	SOURCE_LOCATION	SOURCE_HASH	EXACT_PASSAGE	CLASSIFICATION	INTERPRETATION	COMPONENT	ACCEPTANCE_TEST	EVIDENCE	STATUS	OPEN_QUESTION	DECISION_REFERENCE
M-001	https://github.com/cawdevelopment/manifesto	37399aeb55974d4b09d404014865b5ef8918e9de	README.md:L6-L11	066b14262bd29118a8f86d75bece0d5bde96c2b665b1a3b356c3867689094761	"To be decentralized means there is no single person, entity, nor group which has ultimate control nor
benefit over a system/

In a decentralized system, there is not one man who via desire or persuasion could cripple the system in any meaningful way
This means from both a technical standpoint (i.e, a developer who can stop trading, or disable the protocol through the use of smart contracts) 
and a financial one (e.g, an entity who has n+1 (infinite) tokens, and could dump them if they so wished, but decides not to.) "	mandatory behavior	No person or group can disable the system or exercise unlimited issuance; interpret as a system-wide authority constraint, not an owner() check.	Protocol authority	Enumerate every authority path and disable default services; independently submit valid actions and verify fixed supply assumptions.	primary/manifesto-pinned.md; primary/source_captures.jsonl | B-001: TESTED LOCAL SUBSET: deterministic fixture/history reconstruction. Two UI readers use the same model; no independent operator, chain availability, censorship resistance or full builder-disappears result. See DECISION_LOG.md#d-011 for scoped model/UI/test evidence and browser-QA limits.	PROPOSED	Which dependency control and failure assumptions are unavoidable?	SPEC_CONFLICTS.md#c-012
M-002	https://github.com/cawdevelopment/manifesto	37399aeb55974d4b09d404014865b5ef8918e9de	README.md:L22	066b14262bd29118a8f86d75bece0d5bde96c2b665b1a3b356c3867689094761	     1. This is a only a specification. It is up to the cawmmunity to write and deploy the protocol. 	mandatory behavior	The text is a specification for community implementation, not evidence that an application exists or is official.	Project governance	Docs distinguish proposed, implemented, tested and externally reproduced; preserve approved source attribution.	primary/manifesto-pinned.md; primary/source_captures.jsonl | B-001: CODE REVIEWED: interface labels community implementation under review and local simulation, using Xubu. No official status or community ratification. Browser QA blocked. See DECISION_LOG.md#d-003 for scoped model/UI/test evidence and browser-QA limits.	PROPOSED		Not yet approved; no production decision
M-003	https://github.com/cawdevelopment/manifesto	37399aeb55974d4b09d404014865b5ef8918e9de	README.md:L23-L26	066b14262bd29118a8f86d75bece0d5bde96c2b665b1a3b356c3867689094761	"     2. It is strongly recommended that a peer group is formed to develop and review smart contracts. 
 as there is no leader in this process, all types will attempt to claim ownership of the process. 
 there will those everso helpful who claim to be able to 'do it all' but will write the perfect code
 with the perfect backdoor   Only a cawmmunity reviewed and accepted contract on a public github will be acceptable"	recommendation	Form an open peer group for development and smart-contract review; no individual claims ownership of the process.	Contribution and review	Publish a review process under separate approval; record participation and objections without claiming self-review is independent.	primary/manifesto-pinned.md; primary/source_captures.jsonl | B-001: SAME-TEAM REVIEW ONLY: source inspection, separate literal-accounting expectations and 40/40 tests in coordinator's second supervised run. No independent external security review, community acceptance or release approval. See DECISION_LOG.md#d-013 for scoped model/UI/test evidence and browser-QA limits.	PROPOSED	How is open acceptance demonstrated without a privileged deciding group?	SPEC_CONFLICTS.md#c-011
M-004	https://github.com/cawdevelopment/manifesto	37399aeb55974d4b09d404014865b5ef8918e9de	README.md:L26	066b14262bd29118a8f86d75bece0d5bde96c2b665b1a3b356c3867689094761	 with the perfect backdoor   Only a cawmmunity reviewed and accepted contract on a public github will be acceptable	mandatory behavior	Public GitHub source and community review/acceptance are release conditions, not permission for an immediate public write.	Release process	Check source commit availability, review evidence and recorded release agreement; user publication approval remains separately required.	primary/manifesto-pinned.md; primary/source_captures.jsonl | B-001: NOT IMPLEMENTED: no application Git repository, public source publication or community release agreement; B-001 does not authorize those actions. See DECISION_LOG.md#d-008 for scoped model/UI/test evidence and browser-QA limits.	BLOCKED	What acceptance process has community legitimacy?	SPEC_CONFLICTS.md#c-011
M-005	https://github.com/cawdevelopment/manifesto	37399aeb55974d4b09d404014865b5ef8918e9de	README.md:L27-L28	066b14262bd29118a8f86d75bece0d5bde96c2b665b1a3b356c3867689094761	"     3. After deployment, the deployer must renounce any keys they have to the contracts. There will be no multi-sig,  no upgradeable proxyies.
 It will not matter who deployed because they will be equal with all with no specfic benefit nor advantage. Just get the contract right."	mandatory behavior	After deployment builders retain no privileged contract keys, multisig control, upgradeable proxies, special benefit or advantage.	Deployment and authority	Inspect bytecode and complete authority graph including roles, factory, delegates, registry, fees and configuration; normal users and former deployer have equal powers.	primary/manifesto-pinned.md; primary/source_captures.jsonl | B-001: NOT IMPLEMENTED: no smart contracts, deployment or production authority graph. Synthetic device checks and local server isolation cannot establish protocol custody, royalty controls or absence of privileged developer powers. See DECISION_LOG.md#d-006 for scoped model/UI/test evidence and browser-QA limits.	PROPOSED	Resolve privileged protocol authority versus ordinary user-controlled account security.	SPEC_CONFLICTS.md#c-012
M-006	https://github.com/cawdevelopment/manifesto	37399aeb55974d4b09d404014865b5ef8918e9de	README.md:L32	066b14262bd29118a8f86d75bece0d5bde96c2b665b1a3b356c3867689094761	a. A protocol made up of many on-chain smart contracts for sending messages  publically or p2p with a max character limit of 420. 	mandatory behavior	Use on-chain contract-backed public messaging and P2P messaging with a 420-character maximum; detailed counting and DM application require a decision.	Messages	Check 419/420/421 units, combining marks, emoji, RTL and explicit DM limit after the counting rule is resolved.	primary/manifesto-pinned.md; primary/source_captures.jsonl | B-001: TESTED MODEL ONLY: provisional 420-code-point boundary, astral/combining characters, exact text retention and malformed-surrogate rejection. No on-chain/P2P validation or final character-count decision. See DECISION_LOG.md#d-005 for scoped model/UI/test evidence and browser-QA limits.	BLOCKED	What is a character, and does the limit apply identically to DMs?	SPEC_CONFLICTS.md#c-004
M-007	https://github.com/cawdevelopment/manifesto	37399aeb55974d4b09d404014865b5ef8918e9de	README.md:L33	066b14262bd29118a8f86d75bece0d5bde96c2b665b1a3b356c3867689094761	b. A specification for the frontends, of which many will be made, to interact with this protocol. 	mandatory behavior	Specify the protocol interface so independently made frontends can interoperate.	Client interoperability	A second client can parse records and compose identical signed actions from the published specification.	primary/manifesto-pinned.md; primary/source_captures.jsonl | B-001: TESTED LOCAL FORMAT: strict intents, event/receipt schemas, two matching replay exports and rejection of incomplete/inconsistent edits. No signed protocol, on-chain identity or permanent public-record storage. See DECISION_LOG.md#d-011 for scoped model/UI/test evidence and browser-QA limits.	PROPOSED		Not yet approved; no production decision
M-008	https://github.com/cawdevelopment/manifesto	37399aeb55974d4b09d404014865b5ef8918e9de	README.md:L36	066b14262bd29118a8f86d75bece0d5bde96c2b665b1a3b356c3867689094761	 i. Burn CAW through a contract to mint an NFT. This burned caw will go to 0x0. The NFT will be your username. 	mandatory behavior	Mint an NFT username only through a CAW burn contract; literal source destination is zero address.	Username mint and token	Verify actual CAW token address/decimals/transfer implementation and attempt zero-address transfer in an isolated authorized token test; no silent destination substitution.	primary/manifesto-pinned.md; primary/source_captures.jsonl | B-001: CODE REVIEWED UI ONLY: historical username burn bands including 8+ plateau are displayed without minting. Actual CAW/zero-address burn compatibility and production schedule remain unresolved; browser QA blocked. See DECISION_LOG.md#d-014 for scoped model/UI/test evidence and browser-QA limits.	BLOCKED	Does actual CAW permit the required zero-address burn?	SPEC_CONFLICTS.md#c-001
M-009	https://github.com/cawdevelopment/manifesto	37399aeb55974d4b09d404014865b5ef8918e9de	README.md:L37	066b14262bd29118a8f86d75bece0d5bde96c2b665b1a3b356c3867689094761	  a. The fewer characters in your username, the higher the cost. 	mandatory behavior	Shorter usernames cost more under the schedule; the appendix treats lengths eight and above equally.	Username economics	Test adjacent schedule bands and document the 8+ plateau.	primary/manifesto-pinned.md; primary/source_captures.jsonl | B-001: CODE REVIEWED UI ONLY: historical username burn bands including 8+ plateau are displayed without minting. Actual CAW/zero-address burn compatibility and production schedule remain unresolved; browser QA blocked. See DECISION_LOG.md#d-014 for scoped model/UI/test evidence and browser-QA limits.	PROPOSED	Does 'fewer characters' require strict monotonicity beyond eight?	SPEC_CONFLICTS.md#c-003
M-010	https://github.com/cawdevelopment/manifesto	37399aeb55974d4b09d404014865b5ef8918e9de	README.md:L38	066b14262bd29118a8f86d75bece0d5bde96c2b665b1a3b356c3867689094761	  b. Every username is unique, and may use a-z and 0-9, without the use of special characters (emojis, etc..,) or capital letters. 	mandatory behavior	Unique usernames contain lowercase ASCII a-z and digits 0-9 only, without special characters or capitals.	Username validation	Reject empty, uppercase, non-ASCII/confusables and duplicate names; accept all allowed character boundaries; no reserved builder names.	primary/manifesto-pinned.md; primary/source_captures.jsonl | B-001: TESTED SUBSET: uppercase fixture names and invalid schema reject. CODE REVIEWED: unique synthetic names, lowercase alphabet and provisional 1–32 bound. No global/on-chain registry or approved production name cap. See DECISION_LOG.md#d-014 for scoped model/UI/test evidence and browser-QA limits.	PROPOSED	Source does not set maximum username length or empty-name behavior.	SPEC_CONFLICTS.md#c-013
M-011	https://github.com/cawdevelopment/manifesto	37399aeb55974d4b09d404014865b5ef8918e9de	README.md:L40-L41	066b14262bd29118a8f86d75bece0d5bde96c2b665b1a3b356c3867689094761	" ii. All user activity, social and financial flows through their NFT username. Whoever owns this NFT has access to that account. 
 This includes, but is not limited to, their CAW balance and access to that user's direct messages (DMs). "	mandatory behavior	Social identity and financial account authority follow current NFT ownership; balance and DM access are expressly included.	Identity and custody	Transfer a funded NFT; verify new owner gains authorized account control and old owner loses future spending/session authority.	primary/manifesto-pinned.md; primary/source_captures.jsonl | B-001: TESTED SYNTHETIC SUBSET: controller transfer preserves balance/stake, increments epoch/nonce and rejects stale intents. No NFT sale/transfer, cryptographic authentication, marketplace or DM-history movement. See DECISION_LOG.md#d-010 for scoped model/UI/test evidence and browser-QA limits.	BLOCKED	Which DM history and keys follow transfer, and with what counterparty consent?	SPEC_CONFLICTS.md#c-005
M-012	https://github.com/cawdevelopment/manifesto	37399aeb55974d4b09d404014865b5ef8918e9de	README.md:L43-L44	066b14262bd29118a8f86d75bece0d5bde96c2b665b1a3b356c3867689094761	" iii. Ownership and management of the NFTs will be completely on-chain. For instance, the registration of the username 'cawdev'
  will be stored directly on-chain, along with all of the data associated. "	mandatory behavior	NFT ownership/management and username registration are on-chain; scope of 'all of the data associated' needs definition.	Identity and data	Recover username ownership and required account data without an operator database from declared chain history.	primary/manifesto-pinned.md; primary/source_captures.jsonl | B-001: TESTED LOCAL FORMAT: strict intents, event/receipt schemas, two matching replay exports and rejection of incomplete/inconsistent edits. No signed protocol, on-chain identity or permanent public-record storage. See DECISION_LOG.md#d-011 for scoped model/UI/test evidence and browser-QA limits.	BLOCKED	Which associated data must itself be on-chain versus permanently available elsewhere?	SPEC_CONFLICTS.md#c-006
M-013	https://github.com/cawdevelopment/manifesto	37399aeb55974d4b09d404014865b5ef8918e9de	README.md:L46-L47	066b14262bd29118a8f86d75bece0d5bde96c2b665b1a3b356c3867689094761	" iv. Holding the NFT (note holding, not staking), allows the user to deposit or withdraw CAW into a contract wallet. 
 The ownership of the NFT will serve as the key to this wallet. For users using multiple NFTs they may specify which by a unique number associated. "	mandatory behavior	Holding, not staking, the NFT enables CAW deposits and withdrawals; ownership keys the wallet.	Account balance	With zero stake, a holder deposits and withdraws authorized CAW; non-owner cannot spend; balances reconcile to actual token custody.	primary/manifesto-pinned.md; primary/source_captures.jsonl | B-001: NOT IMPLEMENTED: no token deposit/withdrawal or contract wallet. Tests cover synthetic debit/credit, underfunding and conservation only; fixed stake weights are distinct from balances. See DECISION_LOG.md#d-010 for scoped model/UI/test evidence and browser-QA limits.	PROPOSED		Not yet approved; no production decision
M-014	https://github.com/cawdevelopment/manifesto	37399aeb55974d4b09d404014865b5ef8918e9de	README.md:L47	066b14262bd29118a8f86d75bece0d5bde96c2b665b1a3b356c3867689094761	 The ownership of the NFT will serve as the key to this wallet. For users using multiple NFTs they may specify which by a unique number associated. 	mandatory behavior	A wallet holding several NFTs can choose the account using its unique NFT identifier.	Multi-account selection	Two funded NFTs retain separate balances/history and explicit NFT ID on every authorized action.	primary/manifesto-pinned.md; primary/source_captures.jsonl | B-001: TESTED MODEL SUBSET: fixture accounts retain separate balances/nonces/controllers. Account-selection UI is implemented but browser QA blocked. No actual NFT identifiers or multi-NFT custody. See DECISION_LOG.md#d-003 for scoped model/UI/test evidence and browser-QA limits.	PROPOSED		Not yet approved; no production decision
M-015	https://github.com/cawdevelopment/manifesto	37399aeb55974d4b09d404014865b5ef8918e9de	README.md:L51-L52	066b14262bd29118a8f86d75bece0d5bde96c2b665b1a3b356c3867689094761	"  i. Making a CAW (Akin to tweeting). 
   a. This cost will be taken in CAW, and then distributed proportionally to all other stakers. "	mandatory behavior	CAW post cost is paid in CAW and distributed proportionally among all other stakers; payer exclusion is literal here.	Post settlement	Property-test conservation, stake weighting and payer exclusion after eligibility and no-eligible-staker rules are resolved.	primary/manifesto-pinned.md; primary/source_captures.jsonl | B-001: TESTED APPENDIX DEMO ONLY: posts pay 5,000 synthetic CAW to eligible other fixed weights, floor integer shares, preserve visible dust and reject an empty eligible pool. Production staking semantics remain open. See DECISION_LOG.md#d-010 for scoped model/UI/test evidence and browser-QA limits.	BLOCKED	Define staking unit, snapshots, payer exclusion, zero pool, rounding and dust.	SPEC_CONFLICTS.md#c-007
M-016	https://github.com/cawdevelopment/manifesto	37399aeb55974d4b09d404014865b5ef8918e9de	README.md:L54-L55	066b14262bd29118a8f86d75bece0d5bde96c2b665b1a3b356c3867689094761	"  ii. Liking someone else's CAW. 
   a. This is closer to tipping. The CAW will be taken and directly sent to the OP (orginal poster's) wallet. "	ambiguity	Main prose sends the like payment directly to the original poster; appendix recommends 80/20 poster/stakepool.	Like settlement	Compare both interpretations on the same integer fixture; production behavior must cite an explicit decision.	primary/manifesto-pinned.md; primary/source_captures.jsonl | B-001: TESTED APPENDIX DEMO ONLY: 2,000 synthetic-CAW like credits 1,600 directly and 400 to eligible stake weights, with literal reference checks. The competing main-prose allocation is preserved and unresolved. See DECISION_LOG.md#d-004 for scoped model/UI/test evidence and browser-QA limits.	BLOCKED	Which like distribution governs production?	SPEC_CONFLICTS.md#c-002
M-017	https://github.com/cawdevelopment/manifesto	37399aeb55974d4b09d404014865b5ef8918e9de	README.md:L57-L58	066b14262bd29118a8f86d75bece0d5bde96c2b665b1a3b356c3867689094761	"  iii. ReCAWing (akin to a retweet). 
   a. The cost of which will be taken in CAW and sent to OP's wallet. "	ambiguity	Main prose sends reCAW payment to the original poster; appendix also includes stakers and recommends 50/50.	ReCAW settlement	Compare 100% poster and 50/50 recipient fixtures; do not call either undisputed literal compliance.	primary/manifesto-pinned.md; primary/source_captures.jsonl | B-001: TESTED APPENDIX DEMO ONLY: 4,000 synthetic-CAW reCAW splits 2,000 to author and 2,000 to eligible stake weights. Production routing and ownership timing remain unresolved. See DECISION_LOG.md#d-004 for scoped model/UI/test evidence and browser-QA limits.	BLOCKED	Which reCAW distribution governs production?	SPEC_CONFLICTS.md#c-002
M-018	https://github.com/cawdevelopment/manifesto	37399aeb55974d4b09d404014865b5ef8918e9de	README.md:L60-L63	066b14262bd29118a8f86d75bece0d5bde96c2b665b1a3b356c3867689094761	"  vi. For receiving the CAW we envision a mostly gasless contract, in which signatures may push CAW balance between users and the application in a contract.
   The only thing a user should be spending gas on is: 
   a. The minting of an NFT. 
   b. Depositing or withdrawing CAW. "	mandatory behavior	Mostly gasless signature-based internal CAW movements; users should pay gas only for mint/deposit/withdraw.	Signing and relay	Demonstrate signed social actions without per-action wallet gas payment, with no mandatory authoritative relayer, complete cost ledger and independent fallback.	primary/manifesto-pinned.md; primary/source_captures.jsonl | B-001: NOT IMPLEMENTED: no signature, wallet authentication, gas, relayer or real settlement. Local staged UI and synthetic nonces illustrate a flow; they do not establish gasless execution. Browser flow untested. See DECISION_LOG.md#d-003 for scoped model/UI/test evidence and browser-QA limits.	BLOCKED	Who pays execution/storage and how are independent submissions financed?	SPEC_CONFLICTS.md#c-008
M-019	https://github.com/cawdevelopment/manifesto	37399aeb55974d4b09d404014865b5ef8918e9de	README.md:L65	066b14262bd29118a8f86d75bece0d5bde96c2b665b1a3b356c3867689094761	  vii. DM's should be 'free' and executed via a trustless handshake between two accounts to enable secure peer-to-peer messaging. 	mandatory behavior	DMs are free, secure P2P messages enabled by a trustless handshake between two accounts.	Direct messages	After reviewed design selection, validate recipient key authentication, forward ownership authority, endpoint compromise limits and absence of an operator universal key.	primary/manifesto-pinned.md; primary/source_captures.jsonl | B-001: NOT IMPLEMENTED: messaging screen explains the blocked feature and accepts no private correspondence. No handshake, encryption, transport, key authentication or history transfer. See DECISION_LOG.md#d-007 for scoped model/UI/test evidence and browser-QA limits.	BLOCKED	What reviewed protocol reconciles transferable account access and confidential history?	SPEC_CONFLICTS.md#c-005
M-020	https://github.com/cawdevelopment/manifesto	37399aeb55974d4b09d404014865b5ef8918e9de	README.md:L66	066b14262bd29118a8f86d75bece0d5bde96c2b665b1a3b356c3867689094761	   Group chats would bring on unneeded complexity, and are not recommended at this point.	recommendation	Exclude group chats from the initial messaging baseline to avoid extra complexity.	Scope	Prototype navigation must not imply that implemented, secure group messaging exists.	primary/manifesto-pinned.md; primary/source_captures.jsonl | B-001: SCOPE ONLY: neither direct nor group messaging is implemented; navigation does not represent a working secure group service. See DECISION_LOG.md#d-015 for scoped model/UI/test evidence and browser-QA limits.	PROPOSED		Not yet approved; no production decision
M-021	https://github.com/cawdevelopment/manifesto	37399aeb55974d4b09d404014865b5ef8918e9de	README.md:L68-L69	066b14262bd29118a8f86d75bece0d5bde96c2b665b1a3b356c3867689094761	"  viii. All data will be stored permanently. Due to limitations of the Ethereum network, Arweave or similar blockchains may be preferred. The CAW liquidty
  may migrate at somepoint to the QOMQQL1,  but that will be addressed once the technical merits reveal itself and the move is obvious."	recommendation	Arweave or similar may be preferred; QOMQQL1 migration is conditional future speculation, not an adopted chain decision.	Storage and chain choice	Compare viable dependencies and keep chain migration outside baseline absent justified agreed change.	primary/manifesto-pinned.md; primary/source_captures.jsonl | B-001: NOT IMPLEMENTED: no Ethereum/Arweave/IPFS/QOMQQL1 or other chain/storage integration selected by B-001. See DECISION_LOG.md#d-006 for scoped model/UI/test evidence and browser-QA limits.	PROPOSED	What permanence, control, cost and replacement guarantees are actually achievable?	SPEC_CONFLICTS.md#c-006
M-022	https://github.com/cawdevelopment/manifesto	37399aeb55974d4b09d404014865b5ef8918e9de	README.md:L68-L73	066b14262bd29118a8f86d75bece0d5bde96c2b665b1a3b356c3867689094761	"  viii. All data will be stored permanently. Due to limitations of the Ethereum network, Arweave or similar blockchains may be preferred. The CAW liquidty
  may migrate at somepoint to the QOMQQL1,  but that will be addressed once the technical merits reveal itself and the move is obvious.

  Data storage must be completely trustless, and permanent. The importance of being both censorship resistant and self-policing for the betterment 
  of a protocol cannot be overstated. CAW is meant only to give you the raw tool kit to build your own online society. 
  Because of this, there is a distinct gap between the protocol itself, and the frontends. "	mandatory behavior	Store all data permanently and trustlessly; maintain the explicit protocol/frontend separation.	Data availability and rebuild	Define record classes, persistence assumptions and fees; rebuild the declared permanent public dataset twice from the same finalized history.	primary/manifesto-pinned.md; primary/source_captures.jsonl | B-001: TESTED LOCAL FORMAT: strict intents, event/receipt schemas, two matching replay exports and rejection of incomplete/inconsistent edits. No signed protocol, on-chain identity or permanent public-record storage. See DECISION_LOG.md#d-011 for scoped model/UI/test evidence and browser-QA limits.	BLOCKED	Resolve all-data scope, DM content/metadata and exclusion of images before a permanence claim.	SPEC_CONFLICTS.md#c-006
M-023	https://github.com/cawdevelopment/manifesto	37399aeb55974d4b09d404014865b5ef8918e9de	README.md:L75-L80	066b14262bd29118a8f86d75bece0d5bde96c2b665b1a3b356c3867689094761	"At the base level, CAW's contracts for trustless data storage and communication, anything can be posted. We are not naive, and we understand what may be posted. 
As a result of this, it is up to the frontends to limit content that might obfuscate the reason for CAW's creation. 

That being said, at the level of a protocol no username or message will be blocked or quarantined. 
Due to the nature of renounced ownership of smart contracts, there will be nobody who can limit such content. 
(perhaps now you see why renouceing the contract with no multi-sig or upgrades is important.)"	mandatory behavior	Protocol does not permit discretionary blocking or quarantine of usernames/messages; frontend content controls are separate.	Protocol access and moderation	Blocked local-frontend account remains usable through a second compatible client; no protocol admin ban list or privileged moderation path.	primary/manifesto-pinned.md; primary/source_captures.jsonl | B-001: NOT IMPLEMENTED: no smart contracts, deployment or production authority graph. Synthetic device checks and local server isolation cannot establish protocol custody, royalty controls or absence of privileged developer powers. See DECISION_LOG.md#d-006 for scoped model/UI/test evidence and browser-QA limits.	PROPOSED		Not yet approved; no production decision
M-024	https://github.com/cawdevelopment/manifesto	37399aeb55974d4b09d404014865b5ef8918e9de	README.md:L82-L84	066b14262bd29118a8f86d75bece0d5bde96c2b665b1a3b356c3867689094761	"Now onto the frontends. Anybody is free to make or host their own frontend which will show whatever they woud like (or don't). 
we expect there will be many along with a goal of a mobile app and browser extension that serves as cawing/wallet and instant messager platform that executes
the sigs fast and invisible to give a smoother messaging experience (signing a metamask everytime can be tiresome) "	mandatory behavior	Anyone may create or host a frontend with its own display choices.	Independent clients	Run a replacement client/operator using public material and no Xubu credential.	primary/manifesto-pinned.md; primary/source_captures.jsonl | B-001: TESTED LOCAL SUBSET: deterministic fixture/history reconstruction. Two UI readers use the same model; no independent operator, chain availability, censorship resistance or full builder-disappears result. See DECISION_LOG.md#d-011 for scoped model/UI/test evidence and browser-QA limits.	PROPOSED		Not yet approved; no production decision
M-025	https://github.com/cawdevelopment/manifesto	37399aeb55974d4b09d404014865b5ef8918e9de	README.md:L83-L84	066b14262bd29118a8f86d75bece0d5bde96c2b665b1a3b356c3867689094761	"we expect there will be many along with a goal of a mobile app and browser extension that serves as cawing/wallet and instant messager platform that executes
the sigs fast and invisible to give a smoother messaging experience (signing a metamask everytime can be tiresome) "	recommendation	Mobile app/browser extension and smooth unobtrusive signing are product goals, not permission to hide economic authority.	Client UX and sessions	Responsive prototype discloses cost and signing scope; native/extension work deferred until justified.	primary/manifesto-pinned.md; primary/source_captures.jsonl | B-001: CODE REVIEWED UI ONLY: responsive browser interface, review dialog and staged synthetic settlement. No real signing/session delegation, native app or extension. Visual, keyboard and accessibility browser QA blocked. See DECISION_LOG.md#d-012 for scoped model/UI/test evidence and browser-QA limits.	PROPOSED	How do scoped sessions provide speed without silent spending powers?	SPEC_CONFLICTS.md#c-009
M-026	https://github.com/cawdevelopment/manifesto	37399aeb55974d4b09d404014865b5ef8918e9de	README.md:L86-L90	066b14262bd29118a8f86d75bece0d5bde96c2b665b1a3b356c3867689094761	"We would recommend that the community makes an alpha frontend, that is more or less 'neutral'. 
It may filter overt hate/violence, along with hard-illegal activity, remember we need to win the world first. 
Others may have a better idea of what should be shown, and their perogative should be to create and host their own frontend. 
The point being, CAW is like Twitter. Except it is bound by no laws, and no central content moderation. 
However, the frontends may choose to moderate the content however they like, or must to fit whatever legal guidelines they need to fit. "	recommendation	A broadly neutral alpha frontend may apply a stated content policy; alternatives remain free to make different choices.	Frontend policy	Document default policy and explain blocked display without representing it as protocol deletion.	primary/manifesto-pinned.md; primary/source_captures.jsonl | B-001: NOT IMPLEMENTED: no production content policy or hosting decision. Synthetic posts use safe DOM text construction on code review; browser and qualified public-hosting reviews remain pending. See DECISION_LOG.md#d-015 for scoped model/UI/test evidence and browser-QA limits.	PROPOSED	Qualified review needed before public hosting; source 'bound by no laws' is not a legal conclusion.	SPEC_CONFLICTS.md#c-010
M-027	https://github.com/cawdevelopment/manifesto	37399aeb55974d4b09d404014865b5ef8918e9de	README.md:L93	066b14262bd29118a8f86d75bece0d5bde96c2b665b1a3b356c3867689094761	So even if one frontend blocks you, you cannot be policed, and are still free to use the protocol itself. 	mandatory behavior	Being blocked by one frontend must not prevent protocol access.	Independent operation	Disable or deny the default frontend and submit valid actions through a documented alternate path.	primary/manifesto-pinned.md; primary/source_captures.jsonl | B-001: TESTED LOCAL SUBSET: deterministic fixture/history reconstruction. Two UI readers use the same model; no independent operator, chain availability, censorship resistance or full builder-disappears result. See DECISION_LOG.md#d-011 for scoped model/UI/test evidence and browser-QA limits.	PROPOSED		Not yet approved; no production decision
M-028	https://github.com/cawdevelopment/manifesto	37399aeb55974d4b09d404014865b5ef8918e9de	README.md:L97-L100	066b14262bd29118a8f86d75bece0d5bde96c2b665b1a3b356c3867689094761	"a. It is fairly obvious individuals will begin buying and selling the NFT usernames. 
It would be wise of a community member to create a trustless and feeless marketplace for such trades, similar to Crypto Punk feeless trades
That being said we are pretty aware that as CAW grows to scale,  many will still use FEE marketplaces such as opensea and looks. 
This means that the deployer of the contract that mints NFTS will have the technical ability to set themselves fee's from opensea. "	recommendation	Consider a trustless feeless username marketplace; external fee-charging marketplaces may still exist.	Username transfer market	Demonstrate direct authorized transfer without private royalties; optional marketplace requires no builder fee or privileged escrow.	primary/manifesto-pinned.md; primary/source_captures.jsonl | B-001: TESTED SYNTHETIC SUBSET: controller transfer preserves balance/stake, increments epoch/nonce and rejects stale intents. No NFT sale/transfer, cryptographic authentication, marketplace or DM-history movement. See DECISION_LOG.md#d-010 for scoped model/UI/test evidence and browser-QA limits.	PROPOSED	What funded-account and DM state transfers with an NFT sale?	SPEC_CONFLICTS.md#c-005
M-029	https://github.com/cawdevelopment/manifesto	37399aeb55974d4b09d404014865b5ef8918e9de	README.md:L102-L104	066b14262bd29118a8f86d75bece0d5bde96c2b665b1a3b356c3867689094761	"We do not think this is a good thing, and ask the cammunity to self police/renounce in order to
make sure that trading fees are not set and sent to a private wallet. 
If it helps, this will imply liabilty for the content posted if your wallet is recieving trading fees"	mandatory behavior	Do not configure trading fees sent to a private wallet; historical liability assertion is not adopted as law.	Royalty and fee authority	Check mint/royalty/registry and marketplace configuration for private fee destinations; no hidden or mutable builder royalty.	primary/manifesto-pinned.md; primary/source_captures.jsonl | B-001: NOT IMPLEMENTED: no smart contracts, deployment or production authority graph. Synthetic device checks and local server isolation cannot establish protocol custody, royalty controls or absence of privileged developer powers. See DECISION_LOG.md#d-006 for scoped model/UI/test evidence and browser-QA limits.	PROPOSED	Need licensing/legal review independently of the source's liability rhetoric.	SPEC_CONFLICTS.md#c-010
M-030	https://github.com/cawdevelopment/manifesto	37399aeb55974d4b09d404014865b5ef8918e9de	README.md:L106-L110	066b14262bd29118a8f86d75bece0d5bde96c2b665b1a3b356c3867689094761	"b. Economically, these are the numbers open for debate and structured so that we understand the practical dollar amount of CAW. 

i. 50 mln market cap (near or current MC). 
ii. 1 bln market cap (typical memecoin mooning for a bit MC). 
iii. 10 bln market cap (SHIB-like). "	example	Market-cap figures and dollar estimates are historical scenario inputs, not current price or affordability evidence.	Economics communication	Label historical scenarios and never display them as live price or guaranteed affordability.	primary/manifesto-pinned.md; primary/source_captures.jsonl | B-001: TESTED ARITHMETIC ONLY: fixture fees, allocation and conservation. UI describes recommendations/simulation; no live-price feed, real execution/storage funding model or affordability guarantee. See DECISION_LOG.md#d-004 for scoped model/UI/test evidence and browser-QA limits.	PROPOSED		Not yet approved; no production decision
M-031	https://github.com/cawdevelopment/manifesto	37399aeb55974d4b09d404014865b5ef8918e9de	README.md:L112-L113	066b14262bd29118a8f86d75bece0d5bde96c2b665b1a3b356c3867689094761	"We will need to be aware of the realities of what happens as the burn of CAW scales, 
as we will not be able to change the cost of the protocol once set in motion. "	mandatory behavior	Protocol costs cannot be changed once deployed; analyze scale before finalizing constants.	Immutable economics	Test no runtime role can change costs; model cost/availability under stress before approval.	primary/manifesto-pinned.md; primary/source_captures.jsonl | B-001: DEMO CONSTANTS ONLY: named appendix fees are JavaScript constants. This is not immutable deployed pricing or an approved production schedule. See DECISION_LOG.md#d-004 for scoped model/UI/test evidence and browser-QA limits.	BLOCKED	Which reviewed schedule and units are viable before irreversible deployment?	SPEC_CONFLICTS.md#c-003
M-032	https://github.com/cawdevelopment/manifesto	37399aeb55974d4b09d404014865b5ef8918e9de	README.md:L115-L120	066b14262bd29118a8f86d75bece0d5bde96c2b665b1a3b356c3867689094761	"The necessary cost calculations in CAW are: 

i. Amount of CAW to send CAW (all of which is distributed among stakers). 
ii. Amount of CAW to like a CAW. (sent to OP). 
iii. Amount of CAW to reCAW a CAW (distributed amount OP and stakers). 
iv. Burn amounts for various length'd username NFTs."	ambiguity	The economic summary repeats post-to-stakers and like-to-poster, but reCAW includes both poster and stakers.	Settlement specification	Register each summary/prose/appendix interpretation; fix exact routing only by recorded decision.	primary/manifesto-pinned.md; primary/source_captures.jsonl | B-001: CONFLICTS RETAINED: one appendix scenario is implemented and model-tested. Competing source prose remains documented; no second production model, specification amendment or community agreement is inferred. See DECISION_LOG.md#d-004 for scoped model/UI/test evidence and browser-QA limits.	BLOCKED	Resolve conflicting percentages and recipient definitions.	SPEC_CONFLICTS.md#c-002
M-033	https://github.com/cawdevelopment/manifesto	37399aeb55974d4b09d404014865b5ef8918e9de	README.md:L122-L126	066b14262bd29118a8f86d75bece0d5bde96c2b665b1a3b356c3867689094761	"We did quite a bit of math to consider the following numbers, but we may have missed something.
It was calculated in such a way that liking, reCAWing, and posting, is always affordable at a market cap of 10 billion, 
while ensuring that the more rare and shorter usernames remain damn expensive. 

The following is the recommended cost, along with the estimated amount in US Dollars in brackets at the three target MC's (50 mln, 1 bln, 10 bln). "	recommendation	The schedule is recommended, acknowledges possible mistakes and is explicitly open to debate; affordability is an assertion to test.	Economics design	Model base-unit schedules, market scenarios and real operating costs without promising prices.	primary/manifesto-pinned.md; primary/source_captures.jsonl | B-001: TESTED ARITHMETIC ONLY: fixture fees, allocation and conservation. UI describes recommendations/simulation; no live-price feed, real execution/storage funding model or affordability guarantee. See DECISION_LOG.md#d-004 for scoped model/UI/test evidence and browser-QA limits.	PROPOSED	Which constants will be approved and what changes are deviations?	SPEC_CONFLICTS.md#c-003
M-034	https://github.com/cawdevelopment/manifesto	37399aeb55974d4b09d404014865b5ef8918e9de	README.md:L128	066b14262bd29118a8f86d75bece0d5bde96c2b665b1a3b356c3867689094761	- Single Character username (rare!) BURN 1,000,000,000,000 ($89,985, $1,799,712, $17,997,120) 	recommendation	Historical recommended mint burn for 1 character: 1,000,000,000,000 CAW; not a current USD value.	Username economics	Use exact integer base units after actual token decimals are verified; reject wrong burn and verify supply/custody consequence.	primary/manifesto-pinned.md; primary/source_captures.jsonl | B-001: CODE REVIEWED UI ONLY: historical recommended burn band appears in the username preview table. No automated browser interaction, actual burn/mint, token integration or approved production pricing. See DECISION_LOG.md#d-014 for scoped model/UI/test evidence and browser-QA limits.	BLOCKED	Production schedule and actual zero-address mechanism remain unresolved.	SPEC_CONFLICTS.md#c-001
M-035	https://github.com/cawdevelopment/manifesto	37399aeb55974d4b09d404014865b5ef8918e9de	README.md:L129	066b14262bd29118a8f86d75bece0d5bde96c2b665b1a3b356c3867689094761	- 2 Character username - BURN 240,000,000,000 CAW ($21,600, $432,000, $4,320,000) 	recommendation	Historical recommended mint burn for 2 characters: 240,000,000,000 CAW; not a current USD value.	Username economics	Use exact integer base units after actual token decimals are verified; reject wrong burn and verify supply/custody consequence.	primary/manifesto-pinned.md; primary/source_captures.jsonl | B-001: CODE REVIEWED UI ONLY: historical recommended burn band appears in the username preview table. No automated browser interaction, actual burn/mint, token integration or approved production pricing. See DECISION_LOG.md#d-014 for scoped model/UI/test evidence and browser-QA limits.	BLOCKED	Production schedule and actual zero-address mechanism remain unresolved.	SPEC_CONFLICTS.md#c-001
M-036	https://github.com/cawdevelopment/manifesto	37399aeb55974d4b09d404014865b5ef8918e9de	README.md:L130	066b14262bd29118a8f86d75bece0d5bde96c2b665b1a3b356c3867689094761	- 3 Character Username - BURN 60,000,000,000 CAW ($5400, $108,000, $1,080,000) 	recommendation	Historical recommended mint burn for 3 characters: 60,000,000,000 CAW; not a current USD value.	Username economics	Use exact integer base units after actual token decimals are verified; reject wrong burn and verify supply/custody consequence.	primary/manifesto-pinned.md; primary/source_captures.jsonl | B-001: CODE REVIEWED UI ONLY: historical recommended burn band appears in the username preview table. No automated browser interaction, actual burn/mint, token integration or approved production pricing. See DECISION_LOG.md#d-014 for scoped model/UI/test evidence and browser-QA limits.	BLOCKED	Production schedule and actual zero-address mechanism remain unresolved.	SPEC_CONFLICTS.md#c-001
M-037	https://github.com/cawdevelopment/manifesto	37399aeb55974d4b09d404014865b5ef8918e9de	README.md:L131	066b14262bd29118a8f86d75bece0d5bde96c2b665b1a3b356c3867689094761	- 4 Character Username - BURN 6,000,000,000 CAW ($540, $10,800 $108,000) 	recommendation	Historical recommended mint burn for 4 characters: 6,000,000,000 CAW; not a current USD value.	Username economics	Use exact integer base units after actual token decimals are verified; reject wrong burn and verify supply/custody consequence.	primary/manifesto-pinned.md; primary/source_captures.jsonl | B-001: CODE REVIEWED UI ONLY: historical recommended burn band appears in the username preview table. No automated browser interaction, actual burn/mint, token integration or approved production pricing. See DECISION_LOG.md#d-014 for scoped model/UI/test evidence and browser-QA limits.	BLOCKED	Production schedule and actual zero-address mechanism remain unresolved.	SPEC_CONFLICTS.md#c-001
M-038	https://github.com/cawdevelopment/manifesto	37399aeb55974d4b09d404014865b5ef8918e9de	README.md:L132	066b14262bd29118a8f86d75bece0d5bde96c2b665b1a3b356c3867689094761	- 5 Character username - BURN 200,000,000 CAW ($18, $360, $3600) 	recommendation	Historical recommended mint burn for 5 characters: 200,000,000 CAW; not a current USD value.	Username economics	Use exact integer base units after actual token decimals are verified; reject wrong burn and verify supply/custody consequence.	primary/manifesto-pinned.md; primary/source_captures.jsonl | B-001: CODE REVIEWED UI ONLY: historical recommended burn band appears in the username preview table. No automated browser interaction, actual burn/mint, token integration or approved production pricing. See DECISION_LOG.md#d-014 for scoped model/UI/test evidence and browser-QA limits.	BLOCKED	Production schedule and actual zero-address mechanism remain unresolved.	SPEC_CONFLICTS.md#c-001
M-039	https://github.com/cawdevelopment/manifesto	37399aeb55974d4b09d404014865b5ef8918e9de	README.md:L133	066b14262bd29118a8f86d75bece0d5bde96c2b665b1a3b356c3867689094761	- 6 Character username - BURN 20,000,000 CAW ($1.80, $36, $360) 	recommendation	Historical recommended mint burn for 6 characters: 20,000,000 CAW; not a current USD value.	Username economics	Use exact integer base units after actual token decimals are verified; reject wrong burn and verify supply/custody consequence.	primary/manifesto-pinned.md; primary/source_captures.jsonl | B-001: CODE REVIEWED UI ONLY: historical recommended burn band appears in the username preview table. No automated browser interaction, actual burn/mint, token integration or approved production pricing. See DECISION_LOG.md#d-014 for scoped model/UI/test evidence and browser-QA limits.	BLOCKED	Production schedule and actual zero-address mechanism remain unresolved.	SPEC_CONFLICTS.md#c-001
M-040	https://github.com/cawdevelopment/manifesto	37399aeb55974d4b09d404014865b5ef8918e9de	README.md:L134	066b14262bd29118a8f86d75bece0d5bde96c2b665b1a3b356c3867689094761	- 7 Character username -BURN 10,000,000 CAW (90c, $18, $180) 	recommendation	Historical recommended mint burn for 7 characters: 10,000,000 CAW; not a current USD value.	Username economics	Use exact integer base units after actual token decimals are verified; reject wrong burn and verify supply/custody consequence.	primary/manifesto-pinned.md; primary/source_captures.jsonl | B-001: CODE REVIEWED UI ONLY: historical recommended burn band appears in the username preview table. No automated browser interaction, actual burn/mint, token integration or approved production pricing. See DECISION_LOG.md#d-014 for scoped model/UI/test evidence and browser-QA limits.	BLOCKED	Production schedule and actual zero-address mechanism remain unresolved.	SPEC_CONFLICTS.md#c-001
M-041	https://github.com/cawdevelopment/manifesto	37399aeb55974d4b09d404014865b5ef8918e9de	README.md:L135	066b14262bd29118a8f86d75bece0d5bde96c2b665b1a3b356c3867689094761	- 8 Character and up username - BURN 1,000,000 CAW (9c, $1.80, $18) 	recommendation	Historical recommended mint burn for 8+ characters: 1,000,000 CAW; not a current USD value.	Username economics	Use exact integer base units after actual token decimals are verified; reject wrong burn and verify supply/custody consequence.	primary/manifesto-pinned.md; primary/source_captures.jsonl | B-001: CODE REVIEWED UI ONLY: historical recommended burn band appears in the username preview table. No automated browser interaction, actual burn/mint, token integration or approved production pricing. See DECISION_LOG.md#d-014 for scoped model/UI/test evidence and browser-QA limits.	BLOCKED	Production schedule and actual zero-address mechanism remain unresolved.	SPEC_CONFLICTS.md#c-001
M-042	https://github.com/cawdevelopment/manifesto	37399aeb55974d4b09d404014865b5ef8918e9de	README.md:L137	066b14262bd29118a8f86d75bece0d5bde96c2b665b1a3b356c3867689094761	- Follow an Account (paid 80/20 to account and stakepool) 30000 (na,0.009,9c) 	recommendation	Follow costs 30,000 CAW, routed 80% to followed account and 20% to stakepool.	Follow settlement	For this proposed fixture, route 24,000 and 6,000 CAW exactly; test repeats, unfollow/refollow and self-follow under agreed rules.	primary/manifesto-pinned.md; primary/source_captures.jsonl | B-001: TESTED APPENDIX DEMO ONLY: follow debits 30,000 synthetic CAW, credits 24,000 to target and 6,000 to eligible weights; self/repeat follows reject. Production relationship/stake semantics stay open. See DECISION_LOG.md#d-004 for scoped model/UI/test evidence and browser-QA limits.	BLOCKED	Define follow state, repeat charges, eligible recipients and zero-staker behavior.	SPEC_CONFLICTS.md#c-007
M-043	https://github.com/cawdevelopment/manifesto	37399aeb55974d4b09d404014865b5ef8918e9de	README.md:L138	066b14262bd29118a8f86d75bece0d5bde96c2b665b1a3b356c3867689094761	- Send a CAW (max xxx Characters) (paid 100 to stakepool) 5000 (na, na, 1.5c) 	recommendation	CAW costs 5,000 CAW, 100% to stakepool; appendix character field is unresolved 'xxx'.	Post settlement	For this proposed fixture, route 5,000 to eligible stakepool under resolved M-015 and apply the approved 420 counting rule.	primary/manifesto-pinned.md; primary/source_captures.jsonl | B-001: TESTED APPENDIX DEMO ONLY: post fee 5,000 goes to eligible other weights plus visible dust; provisional 420-code-point validation. The xxx placeholder and final counting rule remain unresolved. See DECISION_LOG.md#d-005 for scoped model/UI/test evidence and browser-QA limits.	BLOCKED	Resolve placeholder versus operative 420 requirement and 'all other' payer exclusion.	SPEC_CONFLICTS.md#c-004
M-044	https://github.com/cawdevelopment/manifesto	37399aeb55974d4b09d404014865b5ef8918e9de	README.md:L139	066b14262bd29118a8f86d75bece0d5bde96c2b665b1a3b356c3867689094761	- Like a CAW (paid 80/20 to account and stakepool) 2000 (na,na, $0.007) 	recommendation	Like costs 2,000 CAW, routed 80% account/20% stakepool under appendix reading.	Like settlement	Appendix-only fixture routes 1,600 to poster and 400 to pool; record production decision against competing main-prose rule.	primary/manifesto-pinned.md; primary/source_captures.jsonl | B-001: TESTED APPENDIX DEMO ONLY: 2,000 synthetic-CAW like credits 1,600 directly and 400 to eligible stake weights, with literal reference checks. The competing main-prose allocation is preserved and unresolved. See DECISION_LOG.md#d-004 for scoped model/UI/test evidence and browser-QA limits.	BLOCKED	Which distribution governs?	SPEC_CONFLICTS.md#c-002
M-045	https://github.com/cawdevelopment/manifesto	37399aeb55974d4b09d404014865b5ef8918e9de	README.md:L140	066b14262bd29118a8f86d75bece0d5bde96c2b665b1a3b356c3867689094761	- ReCAW (paid 50/50 to account and stakepool) 4000 (na,na,1.2c) 	recommendation	ReCAW costs 4,000 CAW, routed 50% account/50% stakepool under appendix reading.	ReCAW settlement	Appendix-only fixture routes 2,000 to poster and 2,000 to pool; resolve recipient ownership at settlement.	primary/manifesto-pinned.md; primary/source_captures.jsonl | B-001: TESTED APPENDIX DEMO ONLY: 4,000 synthetic-CAW reCAW splits 2,000 to author and 2,000 to eligible stake weights. Production routing and ownership timing remain unresolved. See DECISION_LOG.md#d-004 for scoped model/UI/test evidence and browser-QA limits.	BLOCKED	Which distribution and current-versus-historical poster account authority govern?	SPEC_CONFLICTS.md#c-002
M-046	https://github.com/cawdevelopment/manifesto	37399aeb55974d4b09d404014865b5ef8918e9de	README.md:L144	066b14262bd29118a8f86d75bece0d5bde96c2b665b1a3b356c3867689094761	i. The protocol will have no involvement in the hosting of images. This will be up to the frontends to filter,display,host. 	mandatory behavior	Protocol does not host images; frontends filter, display and host them.	Media boundary	Persist public text references separately from replaceable media hosting; do not claim source images are permanent by default.	primary/manifesto-pinned.md; primary/source_captures.jsonl | B-001: NOT IMPLEMENTED: no user uploads, image hosting/filtering, remote URL previews or shortener. Plain-text posts and local icons do not complete media or portable-reference requirements. See DECISION_LOG.md#d-015 for scoped model/UI/test evidence and browser-QA limits.	PROPOSED	How does the explicit image exception constrain 'all data'?	SPEC_CONFLICTS.md#c-006
M-047	https://github.com/cawdevelopment/manifesto	37399aeb55974d4b09d404014865b5ef8918e9de	README.md:L145-L146	066b14262bd29118a8f86d75bece0d5bde96c2b665b1a3b356c3867689094761	"ii. It is recommended that frontends render URLs from external sources placed inside posts, 
or employ their own URL shortener so URLs do not destroy the character limit on CAW. "	recommendation	Frontends may render external URLs and use their own shortener to preserve message space.	Media UX	Untrusted URL previews use safe rendering and bounded fetching; signed canonical text must not change invisibly.	primary/manifesto-pinned.md; primary/source_captures.jsonl | B-001: NOT IMPLEMENTED: no user uploads, image hosting/filtering, remote URL previews or shortener. Plain-text posts and local icons do not complete media or portable-reference requirements. See DECISION_LOG.md#d-015 for scoped model/UI/test evidence and browser-QA limits.	PROPOSED	How to avoid an irreplaceable shortener and define URL counting?	SPEC_CONFLICTS.md#c-014
M-048	https://github.com/cawdevelopment/manifesto	37399aeb55974d4b09d404014865b5ef8918e9de	README.md:L148-L150	066b14262bd29118a8f86d75bece0d5bde96c2b665b1a3b356c3867689094761	"For example if my CAW was ... ""Just had some great fried fish on Point Road with @tk420 #yum #foodie #bestfrens https://savoryandsweetfood.com/wp-content/uploads/2013/10/20131020-164849.jpg"" 

A frontend should shorten the URL to something like 'https://c.aw/cawdev' prior to the users post, and automically render the URL as a snippet. "	example	Fish post and c.aw/cawdev URL demonstrate shortening and preview rendering; these are not required hostnames or a new cipher step.	Composer	Use synthetic fixtures, stable original references and clear preview; never require the historical example domain.	primary/manifesto-pinned.md; primary/source_captures.jsonl | B-001: EXAMPLE NOT ADOPTED: fixture posts use synthetic text rather than the historical fish URL/domain or private research. No snippet-hosting feature. See DECISION_LOG.md#d-015 for scoped model/UI/test evidence and browser-QA limits.	PROPOSED		Not yet approved; no production decision
M-049	https://github.com/cawdevelopment/manifesto	37399aeb55974d4b09d404014865b5ef8918e9de	README.md:L154-L156	066b14262bd29118a8f86d75bece0d5bde96c2b665b1a3b356c3867689094761	"P.S. There are no official socials, nor partner projects or further releases. 
CAW is by design without design, and it is up the CAWMmunity to shape CAW. 
Only by giving you the vision and seeing what cames next may we have a truly free and decentralized system."	mandatory behavior	Do not claim official socials, partner-project status or exclusive entitlement; community shaping remains the intent.	Branding and governance	Label this application a community implementation under review; no official badge or Xubu privilege.	primary/manifesto-pinned.md; primary/source_captures.jsonl | B-001: CODE REVIEWED: interface labels community implementation under review and local simulation, using Xubu. No official status or community ratification. Browser QA blocked. See DECISION_LOG.md#d-003 for scoped model/UI/test evidence and browser-QA limits.	PROPOSED		Not yet approved; no production decision
R2-001	https://github.com/Xubu-Trad/caw-lab	8f9da9c32b3aa4ff9f3fb095d9995fd38a8f54a6	layers/R2-020_hex_transposition/EVIDENCE/reading_rotation.txt:L1	2a77d034354b3ee698dd0266f93dfd5627e033cb8f79ec891498b80b7eab0e52	the lp was relocked.  we will keep doing this until it is clear that it can find it's forever home.  we have no financial incentive here.  the purpose is success of the experiment	example	Historical recovered claims about relocking and incentives are not verified financial facts and do not authorize managing liquidity.	Evidence and communications	Docs keep quoted claims distinct from verified contracts; no claim of audited liquidity or known motive.	primary/r2-message.txt; primary/ENDPOINT_ASSESSMENT.md; primary/source_captures.jsonl | B-001: CONTEXT ONLY: prototype neither manages liquidity nor certifies recovered assertions about financial incentives or locks. See DECISION_LOG.md#d-015 for scoped model/UI/test evidence and browser-QA limits.	PROPOSED		Not yet approved; no production decision
R2-002	https://github.com/Xubu-Trad/caw-lab	8f9da9c32b3aa4ff9f3fb095d9995fd38a8f54a6	layers/R2-020_hex_transposition/EVIDENCE/reading_rotation.txt:L3	2a77d034354b3ee698dd0266f93dfd5627e033cb8f79ec891498b80b7eab0e52	decentralization is a deeper dive then most realize. it actually means 'no devs'  no hidden hand, nobody to wait on to do the needed.  if you are a pleb sitting around waiting for the devs to do something, guess what, you are the dev now. The manifesto is very simple.  It requires the following	mandatory behavior	Interpret 'no devs' as no indispensable hidden controlling party; the same text calls for contributors to build.	Authority and succession	A replacement contributor can build and operate without original developer secrets or approval.	primary/r2-message.txt; primary/ENDPOINT_ASSESSMENT.md; primary/source_captures.jsonl | B-001: TESTED LOCAL SUBSET: deterministic fixture/history reconstruction. Two UI readers use the same model; no independent operator, chain availability, censorship resistance or full builder-disappears result. See DECISION_LOG.md#d-011 for scoped model/UI/test evidence and browser-QA limits.	PROPOSED	Operational dependence must be assessed separately from immutable contract ownership.	SPEC_CONFLICTS.md#c-012
R2-003	https://github.com/Xubu-Trad/caw-lab	8f9da9c32b3aa4ff9f3fb095d9995fd38a8f54a6	layers/R2-020_hex_transposition/EVIDENCE/reading_rotation.txt:L5	2a77d034354b3ee698dd0266f93dfd5627e033cb8f79ec891498b80b7eab0e52	1- some dev to put up a github. 	mandatory behavior	Create a reviewable GitHub implementation eventually; current user prompt requires a separately approved repository/publication.	Source publication	Before release, source is accessible at a reviewed approved repository and identified commit.	primary/r2-message.txt; primary/ENDPOINT_ASSESSMENT.md; primary/source_captures.jsonl | B-001: NOT IMPLEMENTED: no application Git repository, public source publication or community release agreement; B-001 does not authorize those actions. See DECISION_LOG.md#d-008 for scoped model/UI/test evidence and browser-QA limits.	PROPOSED		Not yet approved; no production decision
R2-004	https://github.com/Xubu-Trad/caw-lab	8f9da9c32b3aa4ff9f3fb095d9995fd38a8f54a6	layers/R2-020_hex_transposition/EVIDENCE/reading_rotation.txt:L6	2a77d034354b3ee698dd0266f93dfd5627e033cb8f79ec891498b80b7eab0e52	2- that dev and others contribute to it according to the manifesto (or if clear changes were agreed)	mandatory behavior	Contributors work from the manifesto; clear agreed changes are possible but must be recorded as changes.	Specification governance	Each deviation has a decision reference, evidence, consequences and explicit acceptance scope.	primary/r2-message.txt; primary/ENDPOINT_ASSESSMENT.md; primary/source_captures.jsonl | B-001: CONFLICTS RETAINED: one appendix scenario is implemented and model-tested. Competing source prose remains documented; no second production model, specification amendment or community agreement is inferred. See DECISION_LOG.md#d-004 for scoped model/UI/test evidence and browser-QA limits.	PROPOSED	Who agreed, by what open process, and what exactly changed?	SPEC_CONFLICTS.md#c-011
R2-005	https://github.com/Xubu-Trad/caw-lab	8f9da9c32b3aa4ff9f3fb095d9995fd38a8f54a6	layers/R2-020_hex_transposition/EVIDENCE/reading_rotation.txt:L7	2a77d034354b3ee698dd0266f93dfd5627e033cb8f79ec891498b80b7eab0e52	3- eventually we have a thing that is solid, peer reviewed, contributed to by many and it is agreed to be released	mandatory behavior	Release needs solid work, peer review, multiple contributions and agreement; one agent's tests do not establish this.	Release assessment	Separate author self-tests, independent review, independent reproduction and documented objections; do not release by unilateral completion label.	primary/r2-message.txt; primary/ENDPOINT_ASSESSMENT.md; primary/source_captures.jsonl | B-001: SAME-TEAM REVIEW ONLY: source inspection, separate literal-accounting expectations and 40/40 tests in coordinator's second supervised run. No independent external security review, community acceptance or release approval. See DECISION_LOG.md#d-013 for scoped model/UI/test evidence and browser-QA limits.	BLOCKED	No external review or community release agreement exists for this new application.	SPEC_CONFLICTS.md#c-011
R2-006	https://github.com/Xubu-Trad/caw-lab	8f9da9c32b3aa4ff9f3fb095d9995fd38a8f54a6	layers/R2-020_hex_transposition/EVIDENCE/reading_rotation.txt:L9	2a77d034354b3ee698dd0266f93dfd5627e033cb8f79ec891498b80b7eab0e52	if you are waiting on some dev to do something, maybe do not worry about him anymore and follow the above	recommendation	Participants are encouraged to contribute instead of waiting for a particular developer.	Contributor experience	A new contributor can follow public source/build instructions without an exclusive gatekeeper.	primary/r2-message.txt; primary/ENDPOINT_ASSESSMENT.md; primary/source_captures.jsonl | B-001: LOCAL PREPARATION ONLY: application source and build/test directions exist, but public contribution workflow has not been approved or exercised. See DECISION_LOG.md#d-003 for scoped model/UI/test evidence and browser-QA limits.	PROPOSED		Not yet approved; no production decision
R2-007	https://github.com/Xubu-Trad/caw-lab	8f9da9c32b3aa4ff9f3fb095d9995fd38a8f54a6	layers/R2-020_hex_transposition/EVIDENCE/reading_rotation.txt:L11	2a77d034354b3ee698dd0266f93dfd5627e033cb8f79ec891498b80b7eab0e52	also to be very very very very clear. This code and contract needs to be put up with no dev backdoors, no proxy, no multisigs . In fact, it needs to be written in a way that after the deploy, the dev(s) that deployed it do not matter more than any individual community member. 	mandatory behavior	Code and contract have no developer backdoors, proxies or privileged multisigs; deployers have no greater power after deployment.	Protocol authority	Check complete deployed authority graph and dependency wiring; demonstrate former deployer equivalence to ordinary account.	primary/r2-message.txt; primary/ENDPOINT_ASSESSMENT.md; primary/source_captures.jsonl | B-001: NOT IMPLEMENTED: no smart contracts, deployment or production authority graph. Synthetic device checks and local server isolation cannot establish protocol custody, royalty controls or absence of privileged developer powers. See DECISION_LOG.md#d-006 for scoped model/UI/test evidence and browser-QA limits.	PROPOSED	R2 says 'no proxy', stronger than the manifesto's 'no upgradeable proxyies'; resolve library/clone scope.	SPEC_CONFLICTS.md#c-012
R2-008	https://github.com/Xubu-Trad/caw-lab	8f9da9c32b3aa4ff9f3fb095d9995fd38a8f54a6	layers/R2-020_hex_transposition/EVIDENCE/reading_rotation.txt:L13	2a77d034354b3ee698dd0266f93dfd5627e033cb8f79ec891498b80b7eab0e52	"The scope of what we are trying to achieve needs to be greater than any single human or group and be truly censorship resistant.   On the same note, anybody trying to build a 'growth fund"" or ""dao"" or ""support token""  based around this can go and die. we do this for teh community. CAW is exactly what it says it is."	mandatory behavior	System scope exceeds any one human/group and aims for censorship resistance; quantify actual dependency assumptions.	Independence and resilience	Disable the original operators and reconstruct state and submission from documented independent sources.	primary/r2-message.txt; primary/ENDPOINT_ASSESSMENT.md; primary/source_captures.jsonl | B-001: TESTED LOCAL SUBSET: deterministic fixture/history reconstruction. Two UI readers use the same model; no independent operator, chain availability, censorship resistance or full builder-disappears result. See DECISION_LOG.md#d-011 for scoped model/UI/test evidence and browser-QA limits.	PROPOSED	Underlying chain, archival availability and economics impose explicit limits.	SPEC_CONFLICTS.md#c-006
R2-009	https://github.com/Xubu-Trad/caw-lab	8f9da9c32b3aa4ff9f3fb095d9995fd38a8f54a6	layers/R2-020_hex_transposition/EVIDENCE/reading_rotation.txt:L13	2a77d034354b3ee698dd0266f93dfd5627e033cb8f79ec891498b80b7eab0e52	"The scope of what we are trying to achieve needs to be greater than any single human or group and be truly censorship resistant.   On the same note, anybody trying to build a 'growth fund"" or ""dao"" or ""support token""  based around this can go and die. we do this for teh community. CAW is exactly what it says it is."	mandatory behavior	No growth fund, DAO or support token built around this project; inflammatory rhetoric is historical wording, not an instruction to harm.	Product economics	Inventory tokens, governance, fee flows and operator funding; no extra governance token, builder treasury or disguised support fund.	primary/r2-message.txt; primary/ENDPOINT_ASSESSMENT.md; primary/source_captures.jsonl | B-001: SCOPE ONLY: no support token, growth fund, DAO, paid service or production treasury added. Synthetic credits and held dust have no real financial value. See DECISION_LOG.md#d-015 for scoped model/UI/test evidence and browser-QA limits.	PROPOSED		Not yet approved; no production decision
R2-010	https://github.com/Xubu-Trad/caw-lab	8f9da9c32b3aa4ff9f3fb095d9995fd38a8f54a6	layers/R2-020_hex_transposition/EVIDENCE/reading_rotation.txt:L15	2a77d034354b3ee698dd0266f93dfd5627e033cb8f79ec891498b80b7eab0e52	gl anons. 	example	Closing salutation marks the recovered text's end; it is not a new protocol requirement.	Evidence scope	Preserve exact terminal space and byte fingerprint; no new cryptanalysis absent a concrete provenance conflict.	primary/r2-message.txt; primary/ENDPOINT_ASSESSMENT.md; primary/source_captures.jsonl | B-001: SOURCE PRESERVED: R2 is unchanged; no cryptanalysis restarted for B-001. Closing salutation is context, not application behavior. See DECISION_LOG.md#d-015 for scoped model/UI/test evidence and browser-QA limits.	PROPOSED		Not yet approved; no production decision
